population,n_responders,n_nonresponders,median_responders,median_nonresponders,u_statistic,p_value,significant_at_0.05
b_cell,993,975,9.432277716506485,9.788394525529014,459971.0,0.055702309738266245,False
cd8_t_cell,993,975,24.728022127013396,24.603067146867414,478176.0,0.6390858847346418,False
cd4_t_cell,993,975,30.22056448672133,29.65760700451731,515276.0,0.013344218813937624,True
nk_cell,993,975,14.509281611587447,14.799142593764925,464546.0,0.1210507982042857,False
monocyte,993,975,19.609697542876887,19.942332781511407,466510.0,0.16315013268752876,False
